cate1,cate2,cate3,width,weight,height,file_name,fruit_name
배,추황,특,9.7,450,8.5,pear_chuhwang_L_19-29_4DI45.png,pear_chuhwang
배,추황,특,10.3,470,9,pear_chuhwang_L_11-20_5DI90.png,pear_chuhwang
배,추황,특,10,445,8.3,pear_chuhwang_L_17-37_2FR45.png,pear_chuhwang
배,추황,특,10.2,475,8.8,pear_chuhwang_L_20-6_1TOP.png,pear_chuhwang
배,추황,특,9.7,450,8.5,pear_chuhwang_L_19-6_1TOP.png,pear_chuhwang
배,추황,특,9.8,470,10.2,pear_chuhwang_L_28-1_1TOP.png,pear_chuhwang
배,추황,특,10.2,480,8.6,pear_chuhwang_L_24-24_4DI45.png,pear_chuhwang
배,추황,특,9.8,470,10.2,pear_chuhwang_L_28-38_3FR90.png,pear_chuhwang
배,추황,특,10,460,8.9,pear_chuhwang_L_2-18_3FR90.png,pear_chuhwang
배,추황,특,10,445,8.3,pear_chuhwang_L_17-19_4DI45.png,pear_chuhwang
배,추황,특,10.5,475,8.1,pear_chuhwang_L_3-19_4DI45.png,pear_chuhwang
배,추황,특,10.2,475,8.8,pear_chuhwang_L_20-2_2FR45.png,pear_chuhwang
배,추황,특,10.7,480,8.6,pear_chuhwang_L_15-38_3FR90.png,pear_chuhwang
배,추황,특,10.8,525,9,pear_chuhwang_L_31-10_5DI90.png,pear_chuhwang
배,추황,특,10,445,8.3,pear_chuhwang_L_17-8_3FR90.png,pear_chuhwang
배,추황,특,9.6,465,8.7,pear_chuhwang_L_1-38_3FR90.png,pear_chuhwang
배,추황,특,9.6,455,8.7,pear_chuhwang_L_13-37_2FR45.png,pear_chuhwang
배,추황,특,10.4,455,8.7,pear_chuhwang_L_26-16_1TOP.png,pear_chuhwang
배,추황,특,9.9,440,8.1,pear_chuhwang_L_14-39_4DI45.png,pear_chuhwang
배,추황,특,9.9,505,9.1,pear_chuhwang_L_22-4_4DI45.png,pear_chuhwang
배,추황,특,10.2,480,8.6,pear_chuhwang_L_24-8_3FR90.png,pear_chuhwang
배,추황,특,10.5,475,8.1,pear_chuhwang_L_3-8_3FR90.png,pear_chuhwang
배,추황,특,9.7,450,8.5,pear_chuhwang_L_19-10_5DI90.png,pear_chuhwang
배,추황,특,10.5,515,8.9,pear_chuhwang_L_10-15_5DI90.png,pear_chuhwang
배,추황,특,10.8,525,9,pear_chuhwang_L_31-6_1TOP.png,pear_chuhwang
배,추황,특,10.3,475,8.7,pear_chuhwang_L_18-20_5DI90.png,pear_chuhwang
배,추황,특,10.3,475,8.7,pear_chuhwang_L_18-27_2FR45.png,pear_chuhwang
배,추황,특,10.8,480,8.9,pear_chuhwang_L_16-23_3FR90.png,pear_chuhwang
배,추황,특,10.5,475,8.1,pear_chuhwang_L_3-21_1TOP.png,pear_chuhwang
배,추황,특,10.4,455,8.7,pear_chuhwang_L_26-18_3FR90.png,pear_chuhwang
배,추황,특,10.5,515,8.9,pear_chuhwang_L_10-9_4DI45.png,pear_chuhwang
배,추황,특,10.8,480,8.9,pear_chuhwang_L_16-18_3FR90.png,pear_chuhwang
배,추황,특,10.3,540,9.3,pear_chuhwang_L_21-34_4DI45.png,pear_chuhwang
배,추황,특,9.9,505,9.1,pear_chuhwang_L_22-10_5DI90.png,pear_chuhwang
배,추황,특,10,510,9,pear_chuhwang_L_25-12_2FR45.png,pear_chuhwang
배,추황,특,9.9,440,8.1,pear_chuhwang_L_14-19_4DI45.png,pear_chuhwang
배,추황,특,10.5,515,8.9,pear_chuhwang_L_10-38_3FR90.png,pear_chuhwang
배,추황,특,9.8,505,8.7,pear_chuhwang_L_23-30_5DI90.png,pear_chuhwang
배,추황,특,10,495,9,pear_chuhwang_L_27-7_2FR45.png,pear_chuhwang
배,추황,특,10,495,9,pear_chuhwang_L_27-6_1TOP.png,pear_chuhwang
배,추황,특,9.8,470,10.2,pear_chuhwang_L_28-19_4DI45.png,pear_chuhwang
배,추황,특,9.9,505,9.1,pear_chuhwang_L_22-34_4DI45.png,pear_chuhwang
배,추황,특,10,445,8.3,pear_chuhwang_L_17-32_2FR45.png,pear_chuhwang
배,추황,특,10.2,475,8.8,pear_chuhwang_L_20-24_4DI45.png,pear_chuhwang
배,추황,특,10.1,515,9.2,pear_chuhwang_L_30-18_3FR90.png,pear_chuhwang
배,추황,특,9.9,440,8.1,pear_chuhwang_L_14-18_3FR90.png,pear_chuhwang
배,추황,특,9.9,440,8.1,pear_chuhwang_L_14-21_1TOP.png,pear_chuhwang
배,추황,특,10.5,475,8.1,pear_chuhwang_L_3-9_4DI45.png,pear_chuhwang
배,추황,특,10.8,525,9,pear_chuhwang_L_31-4_4DI45.png,pear_chuhwang
배,추황,특,10.7,480,8.6,pear_chuhwang_L_15-12_2FR45.png,pear_chuhwang
배,추황,특,10,495,9,pear_chuhwang_L_27-5_5DI90.png,pear_chuhwang
배,추황,특,9.7,450,8.5,pear_chuhwang_L_19-2_2FR45.png,pear_chuhwang
배,추황,특,10,460,8.9,pear_chuhwang_L_2-5_5DI90.png,pear_chuhwang
배,추황,특,10.3,540,9.3,pear_chuhwang_L_21-20_5DI90.png,pear_chuhwang
배,추황,특,9.7,450,8.5,pear_chuhwang_L_19-1_1TOP.png,pear_chuhwang
배,추황,특,9.7,450,8.5,pear_chuhwang_L_19-15_5DI90.png,pear_chuhwang
배,추황,특,10.3,475,8.7,pear_chuhwang_L_18-15_5DI90.png,pear_chuhwang
배,추황,특,9.9,505,9.1,pear_chuhwang_L_22-39_4DI45.png,pear_chuhwang
배,추황,특,10.3,540,9.3,pear_chuhwang_L_21-36_1TOP.png,pear_chuhwang
배,추황,특,9.8,470,10.2,pear_chuhwang_L_28-40_5DI90.png,pear_chuhwang
배,추황,특,9.9,505,9.1,pear_chuhwang_L_22-32_2FR45.png,pear_chuhwang
배,추황,특,9.6,465,8.7,pear_chuhwang_L_1-1_1TOP.png,pear_chuhwang
배,추황,특,10.2,475,8.8,pear_chuhwang_L_20-7_2FR45.png,pear_chuhwang
배,추황,특,10.8,480,8.9,pear_chuhwang_L_16-17_2FR45.png,pear_chuhwang
배,추황,특,9.8,505,8.7,pear_chuhwang_L_23-5_5DI90.png,pear_chuhwang
배,추황,특,10.2,480,8.6,pear_chuhwang_L_24-5_5DI90.png,pear_chuhwang
배,추황,특,10.2,475,8.8,pear_chuhwang_L_20-9_4DI45.png,pear_chuhwang
배,추황,특,10.5,475,8.1,pear_chuhwang_L_3-17_2FR45.png,pear_chuhwang
배,추황,특,10.3,540,9.3,pear_chuhwang_L_21-31_1TOP.png,pear_chuhwang
배,추황,특,10,510,9,pear_chuhwang_L_25-22_2FR45.png,pear_chuhwang
배,추황,특,9.8,505,8.7,pear_chuhwang_L_23-39_4DI45.png,pear_chuhwang
배,추황,특,10.4,455,8.7,pear_chuhwang_L_26-4_4DI45.png,pear_chuhwang
배,추황,특,10,460,8.9,pear_chuhwang_L_2-9_4DI45.png,pear_chuhwang
배,추황,특,10,495,9,pear_chuhwang_L_27-10_5DI90.png,pear_chuhwang
배,추황,특,9.8,470,10.2,pear_chuhwang_L_28-2_2FR45.png,pear_chuhwang
배,추황,특,10.5,475,8.1,pear_chuhwang_L_3-34_4DI45.png,pear_chuhwang
배,추황,특,10.1,470,8.5,pear_chuhwang_L_29-30_5DI90.png,pear_chuhwang
배,추황,특,10.3,520,9,pear_chuhwang_L_12-35_5DI90.png,pear_chuhwang
배,추황,특,10.3,470,9,pear_chuhwang_L_11-35_5DI90.png,pear_chuhwang
배,추황,특,10.2,475,8.8,pear_chuhwang_L_20-20_5DI90.png,pear_chuhwang
배,추황,특,9.8,470,10.2,pear_chuhwang_L_28-24_4DI45.png,pear_chuhwang
배,추황,특,9.6,465,8.7,pear_chuhwang_L_1-31_1TOP.png,pear_chuhwang
배,추황,특,10.8,525,9,pear_chuhwang_L_31-38_3FR90.png,pear_chuhwang
배,추황,특,10.8,480,8.9,pear_chuhwang_L_16-38_3FR90.png,pear_chuhwang
배,추황,특,10.1,515,9.2,pear_chuhwang_L_30-9_4DI45.png,pear_chuhwang
배,추황,특,9.9,505,9.1,pear_chuhwang_L_22-1_1TOP.png,pear_chuhwang
배,추황,특,10.5,475,8.1,pear_chuhwang_L_3-14_4DI45.png,pear_chuhwang
배,추황,특,10.3,520,9,pear_chuhwang_L_12-33_3FR90.png,pear_chuhwang
배,추황,특,10,495,9,pear_chuhwang_L_27-1_1TOP.png,pear_chuhwang
배,추황,특,10.7,480,8.6,pear_chuhwang_L_15-3_3FR90.png,pear_chuhwang
배,추황,특,10,510,9,pear_chuhwang_L_25-14_4DI45.png,pear_chuhwang
배,추황,특,9.7,450,8.5,pear_chuhwang_L_19-39_4DI45.png,pear_chuhwang
배,추황,특,10.3,470,9,pear_chuhwang_L_11-4_4DI45.png,pear_chuhwang
배,추황,특,10.3,520,9,pear_chuhwang_L_12-21_1TOP.png,pear_chuhwang
배,추황,특,9.6,465,8.7,pear_chuhwang_L_1-6_1TOP.png,pear_chuhwang
배,추황,특,9.6,465,8.7,pear_chuhwang_L_1-13_3FR90.png,pear_chuhwang
배,추황,특,10.5,515,8.9,pear_chuhwang_L_10-6_1TOP.png,pear_chuhwang
배,추황,특,10,510,9,pear_chuhwang_L_25-23_3FR90.png,pear_chuhwang
배,추황,특,10.8,480,8.9,pear_chuhwang_L_16-5_5DI90.png,pear_chuhwang
배,추황,특,9.6,455,8.7,pear_chuhwang_L_13-31_1TOP.png,pear_chuhwang
배,추황,특,10,495,9,pear_chuhwang_L_27-25_5DI90.png,pear_chuhwang
배,추황,특,10.3,540,9.3,pear_chuhwang_L_21-10_5DI90.png,pear_chuhwang
배,추황,특,9.6,465,8.7,pear_chuhwang_L_1-22_2FR45.png,pear_chuhwang
배,추황,특,9.7,450,8.5,pear_chuhwang_L_19-23_3FR90.png,pear_chuhwang
배,추황,특,9.8,505,8.7,pear_chuhwang_L_23-7_2FR45.png,pear_chuhwang
배,추황,특,10.2,475,8.8,pear_chuhwang_L_20-31_1TOP.png,pear_chuhwang
배,추황,특,9.6,455,8.7,pear_chuhwang_L_13-35_5DI90.png,pear_chuhwang
배,추황,특,10.8,525,9,pear_chuhwang_L_31-2_2FR45.png,pear_chuhwang
배,추황,특,10,495,9,pear_chuhwang_L_27-21_1TOP.png,pear_chuhwang
배,추황,특,10.2,475,8.8,pear_chuhwang_L_20-21_1TOP.png,pear_chuhwang
배,추황,특,9.9,505,9.1,pear_chuhwang_L_22-38_3FR90.png,pear_chuhwang
배,추황,특,10.1,470,8.5,pear_chuhwang_L_29-1_1TOP.png,pear_chuhwang
배,추황,특,9.8,505,8.7,pear_chuhwang_L_23-1_1TOP.png,pear_chuhwang
배,추황,특,10,510,9,pear_chuhwang_L_25-32_2FR45.png,pear_chuhwang
배,추황,특,9.6,455,8.7,pear_chuhwang_L_13-39_4DI45.png,pear_chuhwang
배,추황,특,10,495,9,pear_chuhwang_L_27-16_1TOP.png,pear_chuhwang
배,추황,특,9.9,505,9.1,pear_chuhwang_L_22-6_1TOP.png,pear_chuhwang
배,추황,특,10.3,475,8.7,pear_chuhwang_L_18-11_1TOP.png,pear_chuhwang
배,추황,특,10.1,515,9.2,pear_chuhwang_L_30-21_1TOP.png,pear_chuhwang
배,추황,특,9.6,455,8.7,pear_chuhwang_L_13-2_2FR45.png,pear_chuhwang
배,추황,특,10.1,470,8.5,pear_chuhwang_L_29-33_3FR90.png,pear_chuhwang
배,추황,특,10.1,515,9.2,pear_chuhwang_L_30-17_2FR45.png,pear_chuhwang
배,추황,특,9.9,440,8.1,pear_chuhwang_L_14-14_4DI45.png,pear_chuhwang
배,추황,특,10.3,475,8.7,pear_chuhwang_L_18-31_1TOP.png,pear_chuhwang
배,추황,특,10.8,525,9,pear_chuhwang_L_31-9_4DI45.png,pear_chuhwang
배,추황,특,10.3,540,9.3,pear_chuhwang_L_21-28_3FR90.png,pear_chuhwang
배,추황,특,9.9,505,9.1,pear_chuhwang_L_22-26_1TOP.png,pear_chuhwang
배,추황,특,9.7,450,8.5,pear_chuhwang_L_19-38_3FR90.png,pear_chuhwang
배,추황,특,9.8,505,8.7,pear_chuhwang_L_23-8_3FR90.png,pear_chuhwang
배,추황,특,10.7,480,8.6,pear_chuhwang_L_15-16_1TOP.png,pear_chuhwang
배,추황,특,9.8,505,8.7,pear_chuhwang_L_23-4_4DI45.png,pear_chuhwang
배,추황,특,10.4,455,8.7,pear_chuhwang_L_26-3_3FR90.png,pear_chuhwang
배,추황,특,10.5,515,8.9,pear_chuhwang_L_10-19_4DI45.png,pear_chuhwang
배,추황,특,9.9,505,9.1,pear_chuhwang_L_22-13_3FR90.png,pear_chuhwang
배,추황,특,10.7,480,8.6,pear_chuhwang_L_15-13_3FR90.png,pear_chuhwang
배,추황,특,10.3,475,8.7,pear_chuhwang_L_18-32_2FR45.png,pear_chuhwang
배,추황,특,9.9,505,9.1,pear_chuhwang_L_22-37_2FR45.png,pear_chuhwang
배,추황,특,9.8,470,10.2,pear_chuhwang_L_28-16_1TOP.png,pear_chuhwang
배,추황,특,9.8,505,8.7,pear_chuhwang_L_23-36_1TOP.png,pear_chuhwang
배,추황,특,9.9,440,8.1,pear_chuhwang_L_14-28_3FR90.png,pear_chuhwang
배,추황,특,9.6,465,8.7,pear_chuhwang_L_1-36_1TOP.png,pear_chuhwang
배,추황,특,10.2,480,8.6,pear_chuhwang_L_24-21_1TOP.png,pear_chuhwang
배,추황,특,10,445,8.3,pear_chuhwang_L_17-10_5DI90.png,pear_chuhwang
배,추황,특,9.6,455,8.7,pear_chuhwang_L_13-40_5DI90.png,pear_chuhwang
배,추황,특,10.2,480,8.6,pear_chuhwang_L_24-15_5DI90.png,pear_chuhwang
배,추황,특,10.3,540,9.3,pear_chuhwang_L_21-30_5DI90.png,pear_chuhwang
배,추황,특,10.2,480,8.6,pear_chuhwang_L_24-9_4DI45.png,pear_chuhwang
배,추황,특,10.2,475,8.8,pear_chuhwang_L_20-40_5DI90.png,pear_chuhwang
배,추황,특,10,460,8.9,pear_chuhwang_L_2-32_2FR45.png,pear_chuhwang
배,추황,특,9.9,505,9.1,pear_chuhwang_L_22-17_2FR45.png,pear_chuhwang
배,추황,특,10.8,525,9,pear_chuhwang_L_31-27_2FR45.png,pear_chuhwang
배,추황,특,10.1,470,8.5,pear_chuhwang_L_29-27_2FR45.png,pear_chuhwang
배,추황,특,10.3,475,8.7,pear_chuhwang_L_18-5_5DI90.png,pear_chuhwang
배,추황,특,9.8,470,10.2,pear_chuhwang_L_28-5_5DI90.png,pear_chuhwang
배,추황,특,10.3,540,9.3,pear_chuhwang_L_21-15_5DI90.png,pear_chuhwang
배,추황,특,9.9,440,8.1,pear_chuhwang_L_14-10_5DI90.png,pear_chuhwang
배,추황,특,9.6,455,8.7,pear_chuhwang_L_13-6_1TOP.png,pear_chuhwang
배,추황,특,9.6,465,8.7,pear_chuhwang_L_1-5_5DI90.png,pear_chuhwang
배,추황,특,10.5,515,8.9,pear_chuhwang_L_10-35_5DI90.png,pear_chuhwang
배,추황,특,10,460,8.9,pear_chuhwang_L_2-29_4DI45.png,pear_chuhwang
배,추황,특,10.1,515,9.2,pear_chuhwang_L_30-8_3FR90.png,pear_chuhwang
배,추황,특,10,445,8.3,pear_chuhwang_L_17-18_3FR90.png,pear_chuhwang
배,추황,특,10.2,475,8.8,pear_chuhwang_L_20-11_1TOP.png,pear_chuhwang
배,추황,특,10.7,480,8.6,pear_chuhwang_L_15-9_4DI45.png,pear_chuhwang
배,추황,특,10.3,470,9,pear_chuhwang_L_11-33_3FR90.png,pear_chuhwang
배,추황,특,10,510,9,pear_chuhwang_L_25-19_4DI45.png,pear_chuhwang
배,추황,특,10.8,480,8.9,pear_chuhwang_L_16-15_5DI90.png,pear_chuhwang
배,추황,특,10.1,470,8.5,pear_chuhwang_L_29-19_4DI45.png,pear_chuhwang
배,추황,특,10.4,455,8.7,pear_chuhwang_L_26-20_5DI90.png,pear_chuhwang
배,추황,특,9.6,455,8.7,pear_chuhwang_L_13-14_4DI45.png,pear_chuhwang
배,추황,특,10.8,525,9,pear_chuhwang_L_31-15_5DI90.png,pear_chuhwang
배,추황,특,10.3,475,8.7,pear_chuhwang_L_18-6_1TOP.png,pear_chuhwang
배,추황,특,10.1,470,8.5,pear_chuhwang_L_29-10_5DI90.png,pear_chuhwang
배,추황,특,10.8,525,9,pear_chuhwang_L_31-18_3FR90.png,pear_chuhwang
배,추황,특,9.9,440,8.1,pear_chuhwang_L_14-24_4DI45.png,pear_chuhwang
배,추황,특,10.1,470,8.5,pear_chuhwang_L_29-18_3FR90.png,pear_chuhwang
배,추황,특,10.1,515,9.2,pear_chuhwang_L_30-35_5DI90.png,pear_chuhwang
배,추황,특,9.8,505,8.7,pear_chuhwang_L_23-23_3FR90.png,pear_chuhwang
배,추황,특,9.7,450,8.5,pear_chuhwang_L_19-5_5DI90.png,pear_chuhwang
배,추황,특,10.3,475,8.7,pear_chuhwang_L_18-13_3FR90.png,pear_chuhwang
배,추황,특,10,495,9,pear_chuhwang_L_27-15_5DI90.png,pear_chuhwang
배,추황,특,9.6,465,8.7,pear_chuhwang_L_1-29_4DI45.png,pear_chuhwang
배,추황,특,9.6,465,8.7,pear_chuhwang_L_1-11_1TOP.png,pear_chuhwang
배,추황,특,10.2,475,8.8,pear_chuhwang_L_20-38_3FR90.png,pear_chuhwang
배,추황,특,9.9,505,9.1,pear_chuhwang_L_22-30_5DI90.png,pear_chuhwang
배,추황,특,9.6,455,8.7,pear_chuhwang_L_13-32_2FR45.png,pear_chuhwang
배,추황,특,10,510,9,pear_chuhwang_L_25-15_5DI90.png,pear_chuhwang
배,추황,특,10.4,455,8.7,pear_chuhwang_L_26-25_5DI90.png,pear_chuhwang
배,추황,특,9.9,440,8.1,pear_chuhwang_L_14-13_3FR90.png,pear_chuhwang
배,추황,특,10.3,520,9,pear_chuhwang_L_12-11_1TOP.png,pear_chuhwang
배,추황,특,10.8,480,8.9,pear_chuhwang_L_16-21_1TOP.png,pear_chuhwang
배,추황,특,9.6,465,8.7,pear_chuhwang_L_1-28_3FR90.png,pear_chuhwang
배,추황,특,9.8,505,8.7,pear_chuhwang_L_23-2_2FR45.png,pear_chuhwang
배,추황,특,10.4,455,8.7,pear_chuhwang_L_26-1_1TOP.png,pear_chuhwang
배,추황,특,10,510,9,pear_chuhwang_L_25-33_3FR90.png,pear_chuhwang
배,추황,특,10.5,515,8.9,pear_chuhwang_L_10-20_5DI90.png,pear_chuhwang
배,추황,특,10.5,475,8.1,pear_chuhwang_L_3-2_2FR45.png,pear_chuhwang
배,추황,특,10.8,525,9,pear_chuhwang_L_31-8_3FR90.png,pear_chuhwang
배,추황,특,10.8,525,9,pear_chuhwang_L_31-31_1TOP.png,pear_chuhwang
배,추황,특,10,510,9,pear_chuhwang_L_25-4_4DI45.png,pear_chuhwang
배,추황,특,10,495,9,pear_chuhwang_L_27-23_3FR90.png,pear_chuhwang
배,추황,특,10.2,480,8.6,pear_chuhwang_L_24-18_3FR90.png,pear_chuhwang
배,추황,특,9.9,440,8.1,pear_chuhwang_L_14-7_2FR45.png,pear_chuhwang
배,추황,특,10.3,540,9.3,pear_chuhwang_L_21-4_4DI45.png,pear_chuhwang
배,추황,특,9.7,450,8.5,pear_chuhwang_L_19-27_2FR45.png,pear_chuhwang
배,추황,특,10.2,475,8.8,pear_chuhwang_L_20-25_5DI90.png,pear_chuhwang
배,추황,특,9.9,440,8.1,pear_chuhwang_L_14-15_5DI90.png,pear_chuhwang
배,추황,특,10.2,475,8.8,pear_chuhwang_L_20-30_5DI90.png,pear_chuhwang
배,추황,특,10.3,475,8.7,pear_chuhwang_L_18-8_3FR90.png,pear_chuhwang
배,추황,특,10,495,9,pear_chuhwang_L_27-13_3FR90.png,pear_chuhwang
배,추황,특,9.6,455,8.7,pear_chuhwang_L_13-7_2FR45.png,pear_chuhwang
배,추황,특,10.8,480,8.9,pear_chuhwang_L_16-3_3FR90.png,pear_chuhwang
배,추황,특,10,445,8.3,pear_chuhwang_L_17-11_1TOP.png,pear_chuhwang
배,추황,특,10.1,490,8.9,pear_chuhwang_L_32-1_1TOP.png,pear_chuhwang
배,추황,특,10.1,515,9.2,pear_chuhwang_L_30-7_2FR45.png,pear_chuhwang
배,추황,특,9.9,440,8.1,pear_chuhwang_L_14-22_2FR45.png,pear_chuhwang
배,추황,특,10.3,520,9,pear_chuhwang_L_12-4_4DI45.png,pear_chuhwang
배,추황,특,10.3,540,9.3,pear_chuhwang_L_21-18_3FR90.png,pear_chuhwang
배,추황,특,9.6,455,8.7,pear_chuhwang_L_13-11_1TOP.png,pear_chuhwang
배,추황,특,10.7,480,8.6,pear_chuhwang_L_15-26_1TOP.png,pear_chuhwang
배,추황,특,10.3,540,9.3,pear_chuhwang_L_21-33_3FR90.png,pear_chuhwang
배,추황,특,10,495,9,pear_chuhwang_L_27-36_1TOP.png,pear_chuhwang
배,추황,특,10.1,470,8.5,pear_chuhwang_L_29-35_5DI90.png,pear_chuhwang
배,추황,특,9.9,440,8.1,pear_chuhwang_L_14-2_2FR45.png,pear_chuhwang
배,추황,특,9.8,470,10.2,pear_chuhwang_L_28-4_4DI45.png,pear_chuhwang
배,추황,특,10,495,9,pear_chuhwang_L_27-31_1TOP.png,pear_chuhwang
배,추황,특,10.7,480,8.6,pear_chuhwang_L_15-10_5DI90.png,pear_chuhwang
배,추황,특,10,445,8.3,pear_chuhwang_L_17-12_2FR45.png,pear_chuhwang
배,추황,특,9.8,505,8.7,pear_chuhwang_L_23-19_4DI45.png,pear_chuhwang
배,추황,특,10.1,470,8.5,pear_chuhwang_L_29-15_5DI90.png,pear_chuhwang
배,추황,특,10.8,480,8.9,pear_chuhwang_L_16-10_5DI90.png,pear_chuhwang
배,추황,특,10.4,455,8.7,pear_chuhwang_L_26-2_2FR45.png,pear_chuhwang
배,추황,특,10.8,525,9,pear_chuhwang_L_31-30_5DI90.png,pear_chuhwang
배,추황,특,10.2,480,8.6,pear_chuhwang_L_24-29_4DI45.png,pear_chuhwang
배,추황,특,10.8,525,9,pear_chuhwang_L_31-22_2FR45.png,pear_chuhwang
배,추황,특,10,460,8.9,pear_chuhwang_L_2-24_4DI45.png,pear_chuhwang
배,추황,특,10.4,455,8.7,pear_chuhwang_L_26-32_2FR45.png,pear_chuhwang
배,추황,특,10.5,515,8.9,pear_chuhwang_L_10-2_2FR45.png,pear_chuhwang
배,추황,특,10.8,525,9,pear_chuhwang_L_31-35_5DI90.png,pear_chuhwang
배,추황,특,10.8,525,9,pear_chuhwang_L_31-16_1TOP.png,pear_chuhwang
배,추황,특,9.8,505,8.7,pear_chuhwang_L_23-12_2FR45.png,pear_chuhwang
배,추황,특,10,460,8.9,pear_chuhwang_L_2-35_5DI90.png,pear_chuhwang
배,추황,특,10.8,480,8.9,pear_chuhwang_L_16-8_3FR90.png,pear_chuhwang
배,추황,특,10,460,8.9,pear_chuhwang_L_2-10_5DI90.png,pear_chuhwang
배,추황,특,10.1,490,8.9,pear_chuhwang_L_32-12_2FR45.png,pear_chuhwang
배,추황,특,9.9,505,9.1,pear_chuhwang_L_22-16_1TOP.png,pear_chuhwang
배,추황,특,10.3,470,9,pear_chuhwang_L_11-5_5DI90.png,pear_chuhwang
배,추황,특,10.3,470,9,pear_chuhwang_L_11-34_4DI45.png,pear_chuhwang
배,추황,특,9.6,465,8.7,pear_chuhwang_L_1-3_3FR90.png,pear_chuhwang
배,추황,특,10.4,455,8.7,pear_chuhwang_L_26-24_4DI45.png,pear_chuhwang
배,추황,특,10,495,9,pear_chuhwang_L_27-12_2FR45.png,pear_chuhwang
배,추황,특,10.3,520,9,pear_chuhwang_L_12-38_3FR90.png,pear_chuhwang
배,추황,특,10.4,455,8.7,pear_chuhwang_L_26-14_4DI45.png,pear_chuhwang
배,추황,특,10.1,470,8.5,pear_chuhwang_L_29-22_2FR45.png,pear_chuhwang
배,추황,특,9.8,505,8.7,pear_chuhwang_L_23-3_3FR90.png,pear_chuhwang
배,추황,특,9.8,470,10.2,pear_chuhwang_L_28-22_2FR45.png,pear_chuhwang
배,추황,특,10.2,480,8.6,pear_chuhwang_L_24-22_2FR45.png,pear_chuhwang
배,추황,특,10.8,480,8.9,pear_chuhwang_L_16-12_2FR45.png,pear_chuhwang
배,추황,특,10.3,520,9,pear_chuhwang_L_12-23_3FR90.png,pear_chuhwang
배,추황,특,10.5,515,8.9,pear_chuhwang_L_10-36_1TOP.png,pear_chuhwang
배,추황,특,10,495,9,pear_chuhwang_L_27-33_3FR90.png,pear_chuhwang
배,추황,특,9.8,470,10.2,pear_chuhwang_L_28-35_5DI90.png,pear_chuhwang
배,추황,특,10.7,480,8.6,pear_chuhwang_L_15-5_5DI90.png,pear_chuhwang
배,추황,특,10.2,480,8.6,pear_chuhwang_L_24-34_4DI45.png,pear_chuhwang
배,추황,특,10.1,470,8.5,pear_chuhwang_L_29-23_3FR90.png,pear_chuhwang
배,추황,특,10.3,520,9,pear_chuhwang_L_12-22_2FR45.png,pear_chuhwang
배,추황,특,10.8,525,9,pear_chuhwang_L_31-32_2FR45.png,pear_chuhwang
배,추황,특,10.8,525,9,pear_chuhwang_L_31-12_2FR45.png,pear_chuhwang
배,추황,특,10.5,515,8.9,pear_chuhwang_L_10-27_2FR45.png,pear_chuhwang
배,추황,특,10.3,470,9,pear_chuhwang_L_11-6_1TOP.png,pear_chuhwang
배,추황,특,10.1,470,8.5,pear_chuhwang_L_29-9_4DI45.png,pear_chuhwang
배,추황,특,10.4,455,8.7,pear_chuhwang_L_26-19_4DI45.png,pear_chuhwang
배,추황,특,10.3,470,9,pear_chuhwang_L_11-29_4DI45.png,pear_chuhwang
배,추황,특,10.4,455,8.7,pear_chuhwang_L_26-13_3FR90.png,pear_chuhwang
배,추황,특,9.8,505,8.7,pear_chuhwang_L_23-34_4DI45.png,pear_chuhwang
배,추황,특,10,510,9,pear_chuhwang_L_25-37_2FR45.png,pear_chuhwang
배,추황,특,10.1,490,8.9,pear_chuhwang_L_32-18_3FR90.png,pear_chuhwang
배,추황,특,10.3,470,9,pear_chuhwang_L_11-31_1TOP.png,pear_chuhwang
배,추황,특,10.1,490,8.9,pear_chuhwang_L_32-19_4DI45.png,pear_chuhwang
배,추황,특,10.3,475,8.7,pear_chuhwang_L_18-39_4DI45.png,pear_chuhwang
배,추황,특,10.4,455,8.7,pear_chuhwang_L_26-15_5DI90.png,pear_chuhwang
배,추황,특,9.7,450,8.5,pear_chuhwang_L_19-4_4DI45.png,pear_chuhwang
배,추황,특,10.3,520,9,pear_chuhwang_L_12-19_4DI45.png,pear_chuhwang
배,추황,특,10.3,470,9,pear_chuhwang_L_11-22_2FR45.png,pear_chuhwang
배,추황,특,10.5,475,8.1,pear_chuhwang_L_3-36_1TOP.png,pear_chuhwang
배,추황,특,9.8,470,10.2,pear_chuhwang_L_28-8_3FR90.png,pear_chuhwang
배,추황,특,10.3,540,9.3,pear_chuhwang_L_21-26_1TOP.png,pear_chuhwang
배,추황,특,10.8,480,8.9,pear_chuhwang_L_16-2_2FR45.png,pear_chuhwang
배,추황,특,10.3,475,8.7,pear_chuhwang_L_18-14_4DI45.png,pear_chuhwang
배,추황,특,10.1,490,8.9,pear_chuhwang_L_32-11_1TOP.png,pear_chuhwang
배,추황,특,9.7,450,8.5,pear_chuhwang_L_19-8_3FR90.png,pear_chuhwang
배,추황,특,9.6,455,8.7,pear_chuhwang_L_13-27_2FR45.png,pear_chuhwang
배,추황,특,10,445,8.3,pear_chuhwang_L_17-27_2FR45.png,pear_chuhwang
배,추황,특,10.3,470,9,pear_chuhwang_L_11-40_5DI90.png,pear_chuhwang
배,추황,특,10,460,8.9,pear_chuhwang_L_2-14_4DI45.png,pear_chuhwang
배,추황,특,10.2,500,9.6,pear_chuhwang_L_-2_2FR45.png,pear_chuhwang
배,추황,특,10.8,480,8.9,pear_chuhwang_L_16-36_1TOP.png,pear_chuhwang
배,추황,특,10.7,480,8.6,pear_chuhwang_L_15-31_1TOP.png,pear_chuhwang
배,추황,특,10,460,8.9,pear_chuhwang_L_2-20_5DI90.png,pear_chuhwang
배,추황,특,9.9,440,8.1,pear_chuhwang_L_14-35_5DI90.png,pear_chuhwang
배,추황,특,10.2,475,8.8,pear_chuhwang_L_20-16_1TOP.png,pear_chuhwang
배,추황,특,10.4,455,8.7,pear_chuhwang_L_26-9_4DI45.png,pear_chuhwang
배,추황,특,10.2,480,8.6,pear_chuhwang_L_24-32_2FR45.png,pear_chuhwang
배,추황,특,10.8,480,8.9,pear_chuhwang_L_16-39_4DI45.png,pear_chuhwang
배,추황,특,9.8,470,10.2,pear_chuhwang_L_28-17_2FR45.png,pear_chuhwang
배,추황,특,10.5,475,8.1,pear_chuhwang_L_3-26_1TOP.png,pear_chuhwang
배,추황,특,10.4,455,8.7,pear_chuhwang_L_26-38_3FR90.png,pear_chuhwang
배,추황,특,9.9,505,9.1,pear_chuhwang_L_22-28_3FR90.png,pear_chuhwang
배,추황,특,10.5,515,8.9,pear_chuhwang_L_10-33_3FR90.png,pear_chuhwang
배,추황,특,10.3,520,9,pear_chuhwang_L_12-28_3FR90.png,pear_chuhwang
배,추황,특,10.7,480,8.6,pear_chuhwang_L_15-23_3FR90.png,pear_chuhwang
배,추황,특,10.5,475,8.1,pear_chuhwang_L_3-33_3FR90.png,pear_chuhwang
배,추황,특,10.8,480,8.9,pear_chuhwang_L_16-40_5DI90.png,pear_chuhwang
배,추황,특,10.2,475,8.8,pear_chuhwang_L_20-13_3FR90.png,pear_chuhwang
배,추황,특,10.3,520,9,pear_chuhwang_L_12-30_5DI90.png,pear_chuhwang
배,추황,특,10.3,470,9,pear_chuhwang_L_11-23_3FR90.png,pear_chuhwang
배,추황,특,9.9,505,9.1,pear_chuhwang_L_22-7_2FR45.png,pear_chuhwang
배,추황,특,10.8,480,8.9,pear_chuhwang_L_16-14_4DI45.png,pear_chuhwang
배,추황,특,10.3,540,9.3,pear_chuhwang_L_21-21_1TOP.png,pear_chuhwang
배,추황,특,10.8,480,8.9,pear_chuhwang_L_16-20_5DI90.png,pear_chuhwang
배,추황,특,10.2,475,8.8,pear_chuhwang_L_20-10_5DI90.png,pear_chuhwang
배,추황,특,10.2,480,8.6,pear_chuhwang_L_24-23_3FR90.png,pear_chuhwang
배,추황,특,10.5,475,8.1,pear_chuhwang_L_3-5_5DI90.png,pear_chuhwang
배,추황,특,10.3,520,9,pear_chuhwang_L_12-29_4DI45.png,pear_chuhwang
배,추황,특,10.2,480,8.6,pear_chuhwang_L_24-12_2FR45.png,pear_chuhwang
배,추황,특,10,460,8.9,pear_chuhwang_L_2-3_3FR90.png,pear_chuhwang
배,추황,특,9.8,505,8.7,pear_chuhwang_L_23-26_1TOP.png,pear_chuhwang
배,추황,특,10.1,470,8.5,pear_chuhwang_L_29-25_5DI90.png,pear_chuhwang
배,추황,특,10,445,8.3,pear_chuhwang_L_17-2_2FR45.png,pear_chuhwang
배,추황,특,10,510,9,pear_chuhwang_L_25-11_1TOP.png,pear_chuhwang
배,추황,특,10.1,470,8.5,pear_chuhwang_L_29-26_1TOP.png,pear_chuhwang
배,추황,특,10.5,475,8.1,pear_chuhwang_L_3-10_5DI90.png,pear_chuhwang
배,추황,특,10.2,480,8.6,pear_chuhwang_L_24-39_4DI45.png,pear_chuhwang
배,추황,특,9.8,505,8.7,pear_chuhwang_L_23-33_3FR90.png,pear_chuhwang
배,추황,특,9.9,440,8.1,pear_chuhwang_L_14-32_2FR45.png,pear_chuhwang
배,추황,특,10.2,480,8.6,pear_chuhwang_L_24-19_4DI45.png,pear_chuhwang
배,추황,특,9.9,505,9.1,pear_chuhwang_L_22-33_3FR90.png,pear_chuhwang
배,추황,특,10.3,520,9,pear_chuhwang_L_12-5_5DI90.png,pear_chuhwang
배,추황,특,10.5,515,8.9,pear_chuhwang_L_10-3_3FR90.png,pear_chuhwang
배,추황,특,10,445,8.3,pear_chuhwang_L_17-13_3FR90.png,pear_chuhwang
배,추황,특,9.9,440,8.1,pear_chuhwang_L_14-11_1TOP.png,pear_chuhwang
배,추황,특,10,510,9,pear_chuhwang_L_25-8_3FR90.png,pear_chuhwang
배,추황,특,10,460,8.9,pear_chuhwang_L_2-37_2FR45.png,pear_chuhwang
배,추황,특,10.1,515,9.2,pear_chuhwang_L_30-6_1TOP.png,pear_chuhwang
배,추황,특,9.9,440,8.1,pear_chuhwang_L_14-33_3FR90.png,pear_chuhwang
배,추황,특,10.3,520,9,pear_chuhwang_L_12-8_3FR90.png,pear_chuhwang
배,추황,특,9.6,455,8.7,pear_chuhwang_L_13-3_3FR90.png,pear_chuhwang
배,추황,특,9.9,505,9.1,pear_chuhwang_L_22-31_1TOP.png,pear_chuhwang
배,추황,특,10.5,475,8.1,pear_chuhwang_L_3-29_4DI45.png,pear_chuhwang
배,추황,특,10,460,8.9,pear_chuhwang_L_2-13_3FR90.png,pear_chuhwang
배,추황,특,10.4,455,8.7,pear_chuhwang_L_26-12_2FR45.png,pear_chuhwang
배,추황,특,10.3,475,8.7,pear_chuhwang_L_18-10_5DI90.png,pear_chuhwang
배,추황,특,10.7,480,8.6,pear_chuhwang_L_15-22_2FR45.png,pear_chuhwang
배,추황,특,10.5,475,8.1,pear_chuhwang_L_3-20_5DI90.png,pear_chuhwang
배,추황,특,10.7,480,8.6,pear_chuhwang_L_15-21_1TOP.png,pear_chuhwang
배,추황,특,10.5,515,8.9,pear_chuhwang_L_10-12_2FR45.png,pear_chuhwang
배,추황,특,10.3,475,8.7,pear_chuhwang_L_18-18_3FR90.png,pear_chuhwang
배,추황,특,10.1,470,8.5,pear_chuhwang_L_29-40_5DI90.png,pear_chuhwang
배,추황,특,10,445,8.3,pear_chuhwang_L_17-38_3FR90.png,pear_chuhwang
배,추황,특,10,460,8.9,pear_chuhwang_L_2-39_4DI45.png,pear_chuhwang
배,추황,특,10.4,455,8.7,pear_chuhwang_L_26-37_2FR45.png,pear_chuhwang
배,추황,특,10.1,470,8.5,pear_chuhwang_L_29-5_5DI90.png,pear_chuhwang
배,추황,특,10,445,8.3,pear_chuhwang_L_17-4_4DI45.png,pear_chuhwang
배,추황,특,10.8,480,8.9,pear_chuhwang_L_16-25_5DI90.png,pear_chuhwang
배,추황,특,10.8,480,8.9,pear_chuhwang_L_16-24_4DI45.png,pear_chuhwang
배,추황,특,10.5,475,8.1,pear_chuhwang_L_3-4_4DI45.png,pear_chuhwang
배,추황,특,10.5,475,8.1,pear_chuhwang_L_3-32_2FR45.png,pear_chuhwang
배,추황,특,9.9,440,8.1,pear_chuhwang_L_14-8_3FR90.png,pear_chuhwang
배,추황,특,9.7,450,8.5,pear_chuhwang_L_19-17_2FR45.png,pear_chuhwang
배,추황,특,10.3,475,8.7,pear_chuhwang_L_18-37_2FR45.png,pear_chuhwang
배,추황,특,10,495,9,pear_chuhwang_L_27-34_4DI45.png,pear_chuhwang
배,추황,특,10.5,515,8.9,pear_chuhwang_L_10-18_3FR90.png,pear_chuhwang
배,추황,특,10.3,540,9.3,pear_chuhwang_L_21-16_1TOP.png,pear_chuhwang
배,추황,특,10.3,475,8.7,pear_chuhwang_L_18-9_4DI45.png,pear_chuhwang
배,추황,특,10.1,515,9.2,pear_chuhwang_L_30-13_3FR90.png,pear_chuhwang
배,추황,특,10,510,9,pear_chuhwang_L_25-29_4DI45.png,pear_chuhwang
배,추황,특,10,445,8.3,pear_chuhwang_L_17-7_2FR45.png,pear_chuhwang
배,추황,특,10,510,9,pear_chuhwang_L_25-27_2FR45.png,pear_chuhwang
배,추황,특,9.6,465,8.7,pear_chuhwang_L_1-39_4DI45.png,pear_chuhwang
배,추황,특,10.3,540,9.3,pear_chuhwang_L_21-39_4DI45.png,pear_chuhwang
배,추황,특,10,510,9,pear_chuhwang_L_25-9_4DI45.png,pear_chuhwang
배,추황,특,9.8,505,8.7,pear_chuhwang_L_23-10_5DI90.png,pear_chuhwang
배,추황,특,10.4,455,8.7,pear_chuhwang_L_26-34_4DI45.png,pear_chuhwang
배,추황,특,9.9,440,8.1,pear_chuhwang_L_14-3_3FR90.png,pear_chuhwang
배,추황,특,10.3,470,9,pear_chuhwang_L_11-15_5DI90.png,pear_chuhwang
배,추황,특,10.3,475,8.7,pear_chuhwang_L_18-35_5DI90.png,pear_chuhwang
배,추황,특,10.3,475,8.7,pear_chuhwang_L_18-23_3FR90.png,pear_chuhwang
배,추황,특,10.1,515,9.2,pear_chuhwang_L_30-12_2FR45.png,pear_chuhwang
배,추황,특,10,445,8.3,pear_chuhwang_L_17-21_1TOP.png,pear_chuhwang
배,추황,특,10.8,525,9,pear_chuhwang_L_31-37_2FR45.png,pear_chuhwang
배,추황,특,9.9,505,9.1,pear_chuhwang_L_22-36_1TOP.png,pear_chuhwang
배,추황,특,10.3,470,9,pear_chuhwang_L_11-21_1TOP.png,pear_chuhwang
배,추황,특,9.6,455,8.7,pear_chuhwang_L_13-30_5DI90.png,pear_chuhwang
배,추황,특,10.8,525,9,pear_chuhwang_L_31-14_4DI45.png,pear_chuhwang
배,추황,특,10.1,515,9.2,pear_chuhwang_L_30-10_5DI90.png,pear_chuhwang
배,추황,특,9.6,465,8.7,pear_chuhwang_L_1-7_2FR45.png,pear_chuhwang
배,추황,특,10.3,520,9,pear_chuhwang_L_12-36_1TOP.png,pear_chuhwang
배,추황,특,10.3,540,9.3,pear_chuhwang_L_21-11_1TOP.png,pear_chuhwang
배,추황,특,10.1,515,9.2,pear_chuhwang_L_30-22_2FR45.png,pear_chuhwang
배,추황,특,10.4,455,8.7,pear_chuhwang_L_26-7_2FR45.png,pear_chuhwang
배,추황,특,9.7,450,8.5,pear_chuhwang_L_19-26_1TOP.png,pear_chuhwang
배,추황,특,9.8,505,8.7,pear_chuhwang_L_23-15_5DI90.png,pear_chuhwang
배,추황,특,9.6,455,8.7,pear_chuhwang_L_13-23_3FR90.png,pear_chuhwang
배,추황,특,10.4,455,8.7,pear_chuhwang_L_26-10_5DI90.png,pear_chuhwang
배,추황,특,10.1,470,8.5,pear_chuhwang_L_29-29_4DI45.png,pear_chuhwang
배,추황,특,10.2,475,8.8,pear_chuhwang_L_20-26_1TOP.png,pear_chuhwang
배,추황,특,9.8,505,8.7,pear_chuhwang_L_23-14_4DI45.png,pear_chuhwang
배,추황,특,10.1,470,8.5,pear_chuhwang_L_29-17_2FR45.png,pear_chuhwang
배,추황,특,10.3,540,9.3,pear_chuhwang_L_21-8_3FR90.png,pear_chuhwang
배,추황,특,10.8,480,8.9,pear_chuhwang_L_16-29_4DI45.png,pear_chuhwang
배,추황,특,10,495,9,pear_chuhwang_L_27-2_2FR45.png,pear_chuhwang
배,추황,특,10.7,480,8.6,pear_chuhwang_L_15-19_4DI45.png,pear_chuhwang
배,추황,특,9.6,465,8.7,pear_chuhwang_L_1-20_5DI90.png,pear_chuhwang
배,추황,특,10.1,515,9.2,pear_chuhwang_L_30-40_5DI90.png,pear_chuhwang
배,추황,특,10,510,9,pear_chuhwang_L_25-40_5DI90.png,pear_chuhwang
배,추황,특,9.6,455,8.7,pear_chuhwang_L_13-13_3FR90.png,pear_chuhwang
배,추황,특,9.8,470,10.2,pear_chuhwang_L_28-14_4DI45.png,pear_chuhwang
배,추황,특,10.4,455,8.7,pear_chuhwang_L_26-36_1TOP.png,pear_chuhwang
배,추황,특,10,510,9,pear_chuhwang_L_25-38_3FR90.png,pear_chuhwang
배,추황,특,10.3,470,9,pear_chuhwang_L_11-19_4DI45.png,pear_chuhwang
배,추황,특,10,510,9,pear_chuhwang_L_25-3_3FR90.png,pear_chuhwang
배,추황,특,9.9,440,8.1,pear_chuhwang_L_14-25_5DI90.png,pear_chuhwang
배,추황,특,10.3,475,8.7,pear_chuhwang_L_18-25_5DI90.png,pear_chuhwang
배,추황,특,10.2,480,8.6,pear_chuhwang_L_24-28_3FR90.png,pear_chuhwang
배,추황,특,10.7,480,8.6,pear_chuhwang_L_15-29_4DI45.png,pear_chuhwang
배,추황,특,10,495,9,pear_chuhwang_L_27-32_2FR45.png,pear_chuhwang
배,추황,특,10,445,8.3,pear_chuhwang_L_17-28_3FR90.png,pear_chuhwang
배,추황,특,10.5,515,8.9,pear_chuhwang_L_10-1_1TOP.png,pear_chuhwang
배,추황,특,10.3,470,9,pear_chuhwang_L_11-18_3FR90.png,pear_chuhwang
배,추황,특,10.3,520,9,pear_chuhwang_L_12-32_2FR45.png,pear_chuhwang
배,추황,특,9.9,505,9.1,pear_chuhwang_L_22-2_2FR45.png,pear_chuhwang
배,추황,특,10.1,490,8.9,pear_chuhwang_L_32-17_2FR45.png,pear_chuhwang
배,추황,특,10.7,480,8.6,pear_chuhwang_L_15-11_1TOP.png,pear_chuhwang
배,추황,특,10,460,8.9,pear_chuhwang_L_2-30_5DI90.png,pear_chuhwang
배,추황,특,10.5,475,8.1,pear_chuhwang_L_3-30_5DI90.png,pear_chuhwang
배,추황,특,10.3,540,9.3,pear_chuhwang_L_21-6_1TOP.png,pear_chuhwang
배,추황,특,10.5,475,8.1,pear_chuhwang_L_3-12_2FR45.png,pear_chuhwang
배,추황,특,10.5,515,8.9,pear_chuhwang_L_10-34_4DI45.png,pear_chuhwang
배,추황,특,9.6,465,8.7,pear_chuhwang_L_1-14_4DI45.png,pear_chuhwang
배,추황,특,10.7,480,8.6,pear_chuhwang_L_15-15_5DI90.png,pear_chuhwang
배,추황,특,10.2,480,8.6,pear_chuhwang_L_24-3_3FR90.png,pear_chuhwang
배,추황,특,10.4,455,8.7,pear_chuhwang_L_26-26_1TOP.png,pear_chuhwang
배,추황,특,10.1,490,8.9,pear_chuhwang_L_32-13_3FR90.png,pear_chuhwang
배,추황,특,10.1,515,9.2,pear_chuhwang_L_30-33_3FR90.png,pear_chuhwang
배,추황,특,10.8,480,8.9,pear_chuhwang_L_16-4_4DI45.png,pear_chuhwang
배,추황,특,10.5,475,8.1,pear_chuhwang_L_3-27_2FR45.png,pear_chuhwang
배,추황,특,10.3,540,9.3,pear_chuhwang_L_21-40_5DI90.png,pear_chuhwang
배,추황,특,10.3,470,9,pear_chuhwang_L_11-30_5DI90.png,pear_chuhwang
배,추황,특,9.9,505,9.1,pear_chuhwang_L_22-29_4DI45.png,pear_chuhwang
배,추황,특,10,445,8.3,pear_chuhwang_L_17-36_1TOP.png,pear_chuhwang
배,추황,특,10,460,8.9,pear_chuhwang_L_2-16_1TOP.png,pear_chuhwang
배,추황,특,10.5,475,8.1,pear_chuhwang_L_3-40_5DI90.png,pear_chuhwang
배,추황,특,10.5,515,8.9,pear_chuhwang_L_10-28_3FR90.png,pear_chuhwang
배,추황,특,10.3,470,9,pear_chuhwang_L_11-36_1TOP.png,pear_chuhwang
배,추황,특,9.7,450,8.5,pear_chuhwang_L_19-32_2FR45.png,pear_chuhwang
배,추황,특,9.8,505,8.7,pear_chuhwang_L_23-35_5DI90.png,pear_chuhwang
배,추황,특,9.6,465,8.7,pear_chuhwang_L_1-17_2FR45.png,pear_chuhwang
배,추황,특,10.5,475,8.1,pear_chuhwang_L_3-16_1TOP.png,pear_chuhwang
배,추황,특,10.2,475,8.8,pear_chuhwang_L_20-28_3FR90.png,pear_chuhwang
배,추황,특,10.8,525,9,pear_chuhwang_L_31-17_2FR45.png,pear_chuhwang
배,추황,특,9.6,465,8.7,pear_chuhwang_L_1-9_4DI45.png,pear_chuhwang
배,추황,특,10,445,8.3,pear_chuhwang_L_17-16_1TOP.png,pear_chuhwang
배,추황,특,10.8,525,9,pear_chuhwang_L_31-33_3FR90.png,pear_chuhwang
배,추황,특,10.7,480,8.6,pear_chuhwang_L_15-39_4DI45.png,pear_chuhwang
배,추황,특,9.6,455,8.7,pear_chuhwang_L_13-18_3FR90.png,pear_chuhwang
배,추황,특,10.3,470,9,pear_chuhwang_L_11-8_3FR90.png,pear_chuhwang
배,추황,특,10.8,525,9,pear_chuhwang_L_31-19_4DI45.png,pear_chuhwang
배,추황,특,10.3,540,9.3,pear_chuhwang_L_21-9_4DI45.png,pear_chuhwang
배,추황,특,10.3,475,8.7,pear_chuhwang_L_18-16_1TOP.png,pear_chuhwang
배,추황,특,10.4,455,8.7,pear_chuhwang_L_26-40_5DI90.png,pear_chuhwang
배,추황,특,10,510,9,pear_chuhwang_L_25-36_1TOP.png,pear_chuhwang
배,추황,특,9.9,440,8.1,pear_chuhwang_L_14-38_3FR90.png,pear_chuhwang
배,추황,특,9.6,465,8.7,pear_chuhwang_L_1-25_5DI90.png,pear_chuhwang
배,추황,특,10.2,480,8.6,pear_chuhwang_L_24-36_1TOP.png,pear_chuhwang
배,추황,특,9.6,465,8.7,pear_chuhwang_L_1-35_5DI90.png,pear_chuhwang
배,추황,특,10.5,515,8.9,pear_chuhwang_L_10-24_4DI45.png,pear_chuhwang
배,추황,특,9.6,465,8.7,pear_chuhwang_L_1-30_5DI90.png,pear_chuhwang
배,추황,특,10,445,8.3,pear_chuhwang_L_17-39_4DI45.png,pear_chuhwang
배,추황,특,10.7,480,8.6,pear_chuhwang_L_15-37_2FR45.png,pear_chuhwang
배,추황,특,9.9,440,8.1,pear_chuhwang_L_14-4_4DI45.png,pear_chuhwang
배,추황,특,10.2,480,8.6,pear_chuhwang_L_24-38_3FR90.png,pear_chuhwang
배,추황,특,10.3,520,9,pear_chuhwang_L_12-26_1TOP.png,pear_chuhwang
배,추황,특,9.9,440,8.1,pear_chuhwang_L_14-9_4DI45.png,pear_chuhwang
배,추황,특,10,460,8.9,pear_chuhwang_L_2-11_1TOP.png,pear_chuhwang
배,추황,특,9.6,455,8.7,pear_chuhwang_L_13-5_5DI90.png,pear_chuhwang
배,추황,특,10.3,470,9,pear_chuhwang_L_11-39_4DI45.png,pear_chuhwang
배,추황,특,10.8,525,9,pear_chuhwang_L_31-21_1TOP.png,pear_chuhwang
배,추황,특,10.1,470,8.5,pear_chuhwang_L_29-20_5DI90.png,pear_chuhwang
배,추황,특,10.7,480,8.6,pear_chuhwang_L_15-2_2FR45.png,pear_chuhwang
배,추황,특,10.4,455,8.7,pear_chuhwang_L_26-31_1TOP.png,pear_chuhwang
배,추황,특,10,460,8.9,pear_chuhwang_L_2-38_3FR90.png,pear_chuhwang
배,추황,특,10.1,470,8.5,pear_chuhwang_L_29-38_3FR90.png,pear_chuhwang
배,추황,특,9.6,455,8.7,pear_chuhwang_L_13-4_4DI45.png,pear_chuhwang
배,추황,특,10.8,525,9,pear_chuhwang_L_31-36_1TOP.png,pear_chuhwang
배,추황,특,10.1,470,8.5,pear_chuhwang_L_29-24_4DI45.png,pear_chuhwang
배,추황,특,10.3,475,8.7,pear_chuhwang_L_18-24_4DI45.png,pear_chuhwang
배,추황,특,10.7,480,8.6,pear_chuhwang_L_15-28_3FR90.png,pear_chuhwang
배,추황,특,10,495,9,pear_chuhwang_L_27-27_2FR45.png,pear_chuhwang
배,추황,특,9.6,465,8.7,pear_chuhwang_L_1-34_4DI45.png,pear_chuhwang
배,추황,특,10,460,8.9,pear_chuhwang_L_2-6_1TOP.png,pear_chuhwang
배,추황,특,10.8,525,9,pear_chuhwang_L_31-1_1TOP.png,pear_chuhwang
배,추황,특,10.3,540,9.3,pear_chuhwang_L_21-13_3FR90.png,pear_chuhwang
배,추황,특,10,445,8.3,pear_chuhwang_L_17-1_1TOP.png,pear_chuhwang
배,추황,특,10.7,480,8.6,pear_chuhwang_L_15-20_5DI90.png,pear_chuhwang
배,추황,특,10.1,470,8.5,pear_chuhwang_L_29-16_1TOP.png,pear_chuhwang
배,추황,특,10,445,8.3,pear_chuhwang_L_17-30_5DI90.png,pear_chuhwang
배,추황,특,10.7,480,8.6,pear_chuhwang_L_15-33_3FR90.png,pear_chuhwang
배,추황,특,9.9,440,8.1,pear_chuhwang_L_14-1_1TOP.png,pear_chuhwang
배,추황,특,9.9,440,8.1,pear_chuhwang_L_14-29_4DI45.png,pear_chuhwang
배,추황,특,10,460,8.9,pear_chuhwang_L_2-28_3FR90.png,pear_chuhwang
배,추황,특,10.2,480,8.6,pear_chuhwang_L_24-17_2FR45.png,pear_chuhwang
배,추황,특,9.7,450,8.5,pear_chuhwang_L_19-34_4DI45.png,pear_chuhwang
배,추황,특,10.3,540,9.3,pear_chuhwang_L_21-27_2FR45.png,pear_chuhwang
배,추황,특,9.9,440,8.1,pear_chuhwang_L_14-37_2FR45.png,pear_chuhwang
배,추황,특,9.8,470,10.2,pear_chuhwang_L_28-3_3FR90.png,pear_chuhwang
배,추황,특,10.5,475,8.1,pear_chuhwang_L_3-37_2FR45.png,pear_chuhwang
배,추황,특,9.8,470,10.2,pear_chuhwang_L_28-39_4DI45.png,pear_chuhwang
배,추황,특,10.3,470,9,pear_chuhwang_L_11-7_2FR45.png,pear_chuhwang
배,추황,특,10.7,480,8.6,pear_chuhwang_L_15-24_4DI45.png,pear_chuhwang
배,추황,특,10.3,475,8.7,pear_chuhwang_L_18-19_4DI45.png,pear_chuhwang
배,추황,특,10,495,9,pear_chuhwang_L_27-37_2FR45.png,pear_chuhwang
배,추황,특,10.1,515,9.2,pear_chuhwang_L_30-3_3FR90.png,pear_chuhwang
배,추황,특,10.2,480,8.6,pear_chuhwang_L_24-30_5DI90.png,pear_chuhwang
배,추황,특,9.7,450,8.5,pear_chuhwang_L_19-12_2FR45.png,pear_chuhwang
배,추황,특,10,495,9,pear_chuhwang_L_27-38_3FR90.png,pear_chuhwang
배,추황,특,9.7,450,8.5,pear_chuhwang_L_19-35_5DI90.png,pear_chuhwang
배,추황,특,10.8,480,8.9,pear_chuhwang_L_16-19_4DI45.png,pear_chuhwang
배,추황,특,9.6,455,8.7,pear_chuhwang_L_13-24_4DI45.png,pear_chuhwang
배,추황,특,10.2,480,8.6,pear_chuhwang_L_24-11_1TOP.png,pear_chuhwang
배,추황,특,9.6,465,8.7,pear_chuhwang_L_1-18_3FR90.png,pear_chuhwang
배,추황,특,10.7,480,8.6,pear_chuhwang_L_15-32_2FR45.png,pear_chuhwang
배,추황,특,10,510,9,pear_chuhwang_L_25-39_4DI45.png,pear_chuhwang
배,추황,특,10.3,540,9.3,pear_chuhwang_L_21-12_2FR45.png,pear_chuhwang
배,추황,특,9.6,455,8.7,pear_chuhwang_L_13-15_5DI90.png,pear_chuhwang
배,추황,특,9.6,465,8.7,pear_chuhwang_L_1-21_1TOP.png,pear_chuhwang
배,추황,특,10.3,540,9.3,pear_chuhwang_L_21-23_3FR90.png,pear_chuhwang
배,추황,특,10.2,480,8.6,pear_chuhwang_L_24-16_1TOP.png,pear_chuhwang
배,추황,특,9.6,455,8.7,pear_chuhwang_L_13-36_1TOP.png,pear_chuhwang
배,추황,특,9.8,505,8.7,pear_chuhwang_L_23-17_2FR45.png,pear_chuhwang
배,추황,특,10,460,8.9,pear_chuhwang_L_2-1_1TOP.png,pear_chuhwang
배,추황,특,10.2,480,8.6,pear_chuhwang_L_24-35_5DI90.png,pear_chuhwang
배,추황,특,10,445,8.3,pear_chuhwang_L_17-20_5DI90.png,pear_chuhwang
배,추황,특,10.3,520,9,pear_chuhwang_L_12-34_4DI45.png,pear_chuhwang
배,추황,특,9.9,440,8.1,pear_chuhwang_L_14-31_1TOP.png,pear_chuhwang
배,추황,특,10.8,480,8.9,pear_chuhwang_L_16-9_4DI45.png,pear_chuhwang
배,추황,특,10.2,475,8.8,pear_chuhwang_L_20-23_3FR90.png,pear_chuhwang
배,추황,특,10.5,475,8.1,pear_chuhwang_L_3-7_2FR45.png,pear_chuhwang
배,추황,특,10.2,500,9.6,pear_chuhwang_L_-6_1TOP.png,pear_chuhwang
배,추황,특,9.7,450,8.5,pear_chuhwang_L_19-25_5DI90.png,pear_chuhwang
배,추황,특,10.1,470,8.5,pear_chuhwang_L_29-2_2FR45.png,pear_chuhwang
배,추황,특,10.1,470,8.5,pear_chuhwang_L_29-6_1TOP.png,pear_chuhwang
배,추황,특,9.6,465,8.7,pear_chuhwang_L_1-23_3FR90.png,pear_chuhwang
배,추황,특,10,495,9,pear_chuhwang_L_27-26_1TOP.png,pear_chuhwang
배,추황,특,10,460,8.9,pear_chuhwang_L_2-31_1TOP.png,pear_chuhwang
배,추황,특,10.5,475,8.1,pear_chuhwang_L_3-28_3FR90.png,pear_chuhwang
배,추황,특,10.8,480,8.9,pear_chuhwang_L_16-1_1TOP.png,pear_chuhwang
배,추황,특,10.5,475,8.1,pear_chuhwang_L_3-6_1TOP.png,pear_chuhwang
배,추황,특,9.8,505,8.7,pear_chuhwang_L_23-24_4DI45.png,pear_chuhwang
배,추황,특,10.3,475,8.7,pear_chuhwang_L_18-3_3FR90.png,pear_chuhwang
배,추황,특,10.2,475,8.8,pear_chuhwang_L_20-27_2FR45.png,pear_chuhwang
배,추황,특,10.1,515,9.2,pear_chuhwang_L_30-1_1TOP.png,pear_chuhwang
배,추황,특,10.1,470,8.5,pear_chuhwang_L_29-21_1TOP.png,pear_chuhwang
배,추황,특,10.1,490,8.9,pear_chuhwang_L_32-10_5DI90.png,pear_chuhwang
배,추황,특,10,495,9,pear_chuhwang_L_27-3_3FR90.png,pear_chuhwang
배,추황,특,9.9,505,9.1,pear_chuhwang_L_22-8_3FR90.png,pear_chuhwang
배,추황,특,10.3,540,9.3,pear_chuhwang_L_21-3_3FR90.png,pear_chuhwang
배,추황,특,10.3,475,8.7,pear_chuhwang_L_18-1_1TOP.png,pear_chuhwang
배,추황,특,10.1,515,9.2,pear_chuhwang_L_30-4_4DI45.png,pear_chuhwang
배,추황,특,10,510,9,pear_chuhwang_L_25-21_1TOP.png,pear_chuhwang
배,추황,특,9.8,505,8.7,pear_chuhwang_L_23-28_3FR90.png,pear_chuhwang
배,추황,특,10.3,540,9.3,pear_chuhwang_L_21-29_4DI45.png,pear_chuhwang
배,추황,특,10.4,455,8.7,pear_chuhwang_L_26-33_3FR90.png,pear_chuhwang
배,추황,특,10.1,515,9.2,pear_chuhwang_L_30-29_4DI45.png,pear_chuhwang
배,추황,특,10.2,475,8.8,pear_chuhwang_L_20-5_5DI90.png,pear_chuhwang
배,추황,특,10.4,455,8.7,pear_chuhwang_L_26-23_3FR90.png,pear_chuhwang
배,추황,특,10,510,9,pear_chuhwang_L_25-20_5DI90.png,pear_chuhwang
배,추황,특,10.8,480,8.9,pear_chuhwang_L_16-11_1TOP.png,pear_chuhwang
배,추황,특,10.8,480,8.9,pear_chuhwang_L_16-35_5DI90.png,pear_chuhwang
배,추황,특,10.3,520,9,pear_chuhwang_L_12-1_1TOP.png,pear_chuhwang
배,추황,특,9.8,505,8.7,pear_chuhwang_L_23-20_5DI90.png,pear_chuhwang
배,추황,특,10.7,480,8.6,pear_chuhwang_L_15-6_1TOP.png,pear_chuhwang
배,추황,특,9.8,470,10.2,pear_chuhwang_L_28-20_5DI90.png,pear_chuhwang
배,추황,특,10.8,480,8.9,pear_chuhwang_L_16-34_4DI45.png,pear_chuhwang
배,추황,특,10.7,480,8.6,pear_chuhwang_L_15-25_5DI90.png,pear_chuhwang
배,추황,특,9.6,455,8.7,pear_chuhwang_L_13-19_4DI45.png,pear_chuhwang
배,추황,특,9.6,455,8.7,pear_chuhwang_L_13-12_2FR45.png,pear_chuhwang
배,추황,특,10,510,9,pear_chuhwang_L_25-28_3FR90.png,pear_chuhwang
배,추황,특,9.6,455,8.7,pear_chuhwang_L_13-21_1TOP.png,pear_chuhwang
배,추황,특,9.6,465,8.7,pear_chuhwang_L_1-27_2FR45.png,pear_chuhwang
배,추황,특,10,460,8.9,pear_chuhwang_L_2-12_2FR45.png,pear_chuhwang
배,추황,특,10.3,520,9,pear_chuhwang_L_12-40_5DI90.png,pear_chuhwang
배,추황,특,10.5,515,8.9,pear_chuhwang_L_10-26_1TOP.png,pear_chuhwang
배,추황,특,9.9,505,9.1,pear_chuhwang_L_22-12_2FR45.png,pear_chuhwang
배,추황,특,10.1,515,9.2,pear_chuhwang_L_30-23_3FR90.png,pear_chuhwang
배,추황,특,9.6,455,8.7,pear_chuhwang_L_13-22_2FR45.png,pear_chuhwang
배,추황,특,9.9,440,8.1,pear_chuhwang_L_14-5_5DI90.png,pear_chuhwang
배,추황,특,10.3,540,9.3,pear_chuhwang_L_21-7_2FR45.png,pear_chuhwang
배,추황,특,10.1,515,9.2,pear_chuhwang_L_30-26_1TOP.png,pear_chuhwang
배,추황,특,9.8,470,10.2,pear_chuhwang_L_28-7_2FR45.png,pear_chuhwang
배,추황,특,10.1,515,9.2,pear_chuhwang_L_30-25_5DI90.png,pear_chuhwang
배,추황,특,10,510,9,pear_chuhwang_L_25-7_2FR45.png,pear_chuhwang
배,추황,특,10.3,475,8.7,pear_chuhwang_L_18-33_3FR90.png,pear_chuhwang
배,추황,특,10.5,515,8.9,pear_chuhwang_L_10-13_3FR90.png,pear_chuhwang
배,추황,특,10.3,520,9,pear_chuhwang_L_12-3_3FR90.png,pear_chuhwang
배,추황,특,10.2,480,8.6,pear_chuhwang_L_24-10_5DI90.png,pear_chuhwang
배,추황,특,10.3,470,9,pear_chuhwang_L_11-28_3FR90.png,pear_chuhwang
배,추황,특,10.8,480,8.9,pear_chuhwang_L_16-28_3FR90.png,pear_chuhwang
배,추황,특,10.1,490,8.9,pear_chuhwang_L_32-15_5DI90.png,pear_chuhwang
배,추황,특,10.7,480,8.6,pear_chuhwang_L_15-18_3FR90.png,pear_chuhwang
배,추황,특,10.3,470,9,pear_chuhwang_L_11-26_1TOP.png,pear_chuhwang
배,추황,특,10.3,475,8.7,pear_chuhwang_L_18-22_2FR45.png,pear_chuhwang
배,추황,특,9.8,470,10.2,pear_chuhwang_L_28-34_4DI45.png,pear_chuhwang
배,추황,특,10.1,490,8.9,pear_chuhwang_L_32-14_4DI45.png,pear_chuhwang
배,추황,특,9.6,465,8.7,pear_chuhwang_L_1-15_5DI90.png,pear_chuhwang
배,추황,특,10,445,8.3,pear_chuhwang_L_17-17_2FR45.png,pear_chuhwang
배,추황,특,9.6,455,8.7,pear_chuhwang_L_13-34_4DI45.png,pear_chuhwang
배,추황,특,10.1,515,9.2,pear_chuhwang_L_30-38_3FR90.png,pear_chuhwang
배,추황,특,9.7,450,8.5,pear_chuhwang_L_19-37_2FR45.png,pear_chuhwang
배,추황,특,9.9,505,9.1,pear_chuhwang_L_22-14_4DI45.png,pear_chuhwang
배,추황,특,10.3,540,9.3,pear_chuhwang_L_21-1_1TOP.png,pear_chuhwang
배,추황,특,10.8,480,8.9,pear_chuhwang_L_16-32_2FR45.png,pear_chuhwang
배,추황,특,10.2,480,8.6,pear_chuhwang_L_24-14_4DI45.png,pear_chuhwang
배,추황,특,10.4,455,8.7,pear_chuhwang_L_26-27_2FR45.png,pear_chuhwang
배,추황,특,10,460,8.9,pear_chuhwang_L_2-17_2FR45.png,pear_chuhwang
배,추황,특,9.7,450,8.5,pear_chuhwang_L_19-3_3FR90.png,pear_chuhwang
배,추황,특,10.2,475,8.8,pear_chuhwang_L_20-33_3FR90.png,pear_chuhwang
배,추황,특,9.8,505,8.7,pear_chuhwang_L_23-25_5DI90.png,pear_chuhwang
배,추황,특,10.3,520,9,pear_chuhwang_L_12-31_1TOP.png,pear_chuhwang
배,추황,특,9.6,465,8.7,pear_chuhwang_L_1-2_2FR45.png,pear_chuhwang
배,추황,특,9.6,455,8.7,pear_chuhwang_L_13-10_5DI90.png,pear_chuhwang
배,추황,특,10.3,470,9,pear_chuhwang_L_11-11_1TOP.png,pear_chuhwang
배,추황,특,10.2,500,9.6,pear_chuhwang_L_-1_1TOP.png,pear_chuhwang
배,추황,특,9.8,470,10.2,pear_chuhwang_L_28-36_1TOP.png,pear_chuhwang
배,추황,특,10.1,515,9.2,pear_chuhwang_L_30-36_1TOP.png,pear_chuhwang
배,추황,특,10.1,470,8.5,pear_chuhwang_L_29-28_3FR90.png,pear_chuhwang
배,추황,특,9.9,505,9.1,pear_chuhwang_L_22-11_1TOP.png,pear_chuhwang
배,추황,특,10.2,500,9.6,pear_chuhwang_L_-3_3FR90.png,pear_chuhwang
배,추황,특,10.4,455,8.7,pear_chuhwang_L_26-21_1TOP.png,pear_chuhwang
배,추황,특,10.3,475,8.7,pear_chuhwang_L_18-34_4DI45.png,pear_chuhwang
배,추황,특,9.9,440,8.1,pear_chuhwang_L_14-6_1TOP.png,pear_chuhwang
배,추황,특,10.3,475,8.7,pear_chuhwang_L_18-38_3FR90.png,pear_chuhwang
배,추황,특,10.3,470,9,pear_chuhwang_L_11-13_3FR90.png,pear_chuhwang
배,추황,특,9.7,450,8.5,pear_chuhwang_L_19-24_4DI45.png,pear_chuhwang
배,추황,특,9.8,505,8.7,pear_chuhwang_L_23-11_1TOP.png,pear_chuhwang
배,추황,특,10.3,540,9.3,pear_chuhwang_L_21-38_3FR90.png,pear_chuhwang
배,추황,특,9.8,470,10.2,pear_chuhwang_L_28-29_4DI45.png,pear_chuhwang
배,추황,특,10.3,520,9,pear_chuhwang_L_12-17_2FR45.png,pear_chuhwang
배,추황,특,10.8,480,8.9,pear_chuhwang_L_16-30_5DI90.png,pear_chuhwang
배,추황,특,10.5,515,8.9,pear_chuhwang_L_10-25_5DI90.png,pear_chuhwang
배,추황,특,10,495,9,pear_chuhwang_L_27-39_4DI45.png,pear_chuhwang
배,추황,특,9.9,505,9.1,pear_chuhwang_L_22-15_5DI90.png,pear_chuhwang
배,추황,특,10.8,480,8.9,pear_chuhwang_L_16-37_2FR45.png,pear_chuhwang
배,추황,특,10.3,470,9,pear_chuhwang_L_11-1_1TOP.png,pear_chuhwang
배,추황,특,10,445,8.3,pear_chuhwang_L_17-22_2FR45.png,pear_chuhwang
배,추황,특,10.3,520,9,pear_chuhwang_L_12-2_2FR45.png,pear_chuhwang
배,추황,특,9.7,450,8.5,pear_chuhwang_L_19-22_2FR45.png,pear_chuhwang
배,추황,특,9.7,450,8.5,pear_chuhwang_L_19-19_4DI45.png,pear_chuhwang
배,추황,특,10.8,525,9,pear_chuhwang_L_31-29_4DI45.png,pear_chuhwang
배,추황,특,9.8,470,10.2,pear_chuhwang_L_28-9_4DI45.png,pear_chuhwang
배,추황,특,10,495,9,pear_chuhwang_L_27-40_5DI90.png,pear_chuhwang
배,추황,특,10.3,540,9.3,pear_chuhwang_L_21-2_2FR45.png,pear_chuhwang
배,추황,특,9.8,505,8.7,pear_chuhwang_L_23-13_3FR90.png,pear_chuhwang
배,추황,특,10,495,9,pear_chuhwang_L_27-9_4DI45.png,pear_chuhwang
배,추황,특,9.8,470,10.2,pear_chuhwang_L_28-37_2FR45.png,pear_chuhwang
배,추황,특,10,460,8.9,pear_chuhwang_L_2-25_5DI90.png,pear_chuhwang
배,추황,특,10.1,515,9.2,pear_chuhwang_L_30-24_4DI45.png,pear_chuhwang
배,추황,특,10.8,525,9,pear_chuhwang_L_31-24_4DI45.png,pear_chuhwang
배,추황,특,10.5,475,8.1,pear_chuhwang_L_3-22_2FR45.png,pear_chuhwang
배,추황,특,10.3,475,8.7,pear_chuhwang_L_18-17_2FR45.png,pear_chuhwang
배,추황,특,10.4,455,8.7,pear_chuhwang_L_26-6_1TOP.png,pear_chuhwang
배,추황,특,10.3,540,9.3,pear_chuhwang_L_21-19_4DI45.png,pear_chuhwang
배,추황,특,10.4,455,8.7,pear_chuhwang_L_26-17_2FR45.png,pear_chuhwang
배,추황,특,10.2,480,8.6,pear_chuhwang_L_24-1_1TOP.png,pear_chuhwang
배,추황,특,10,445,8.3,pear_chuhwang_L_17-33_3FR90.png,pear_chuhwang
배,추황,특,9.6,465,8.7,pear_chuhwang_L_1-40_5DI90.png,pear_chuhwang
배,추황,특,10.3,470,9,pear_chuhwang_L_11-25_5DI90.png,pear_chuhwang
배,추황,특,9.9,505,9.1,pear_chuhwang_L_22-35_5DI90.png,pear_chuhwang
배,추황,특,10.5,515,8.9,pear_chuhwang_L_10-7_2FR45.png,pear_chuhwang
배,추황,특,10.8,480,8.9,pear_chuhwang_L_16-22_2FR45.png,pear_chuhwang
배,추황,특,10,510,9,pear_chuhwang_L_25-18_3FR90.png,pear_chuhwang
배,추황,특,10.3,475,8.7,pear_chuhwang_L_18-36_1TOP.png,pear_chuhwang
배,추황,특,9.8,505,8.7,pear_chuhwang_L_23-9_4DI45.png,pear_chuhwang
배,추황,특,10.3,475,8.7,pear_chuhwang_L_18-21_1TOP.png,pear_chuhwang
배,추황,특,10.8,480,8.9,pear_chuhwang_L_16-31_1TOP.png,pear_chuhwang
배,추황,특,10.1,470,8.5,pear_chuhwang_L_29-3_3FR90.png,pear_chuhwang
배,추황,특,10.3,520,9,pear_chuhwang_L_12-12_2FR45.png,pear_chuhwang
배,추황,특,10.1,470,8.5,pear_chuhwang_L_29-31_1TOP.png,pear_chuhwang
배,추황,특,9.9,440,8.1,pear_chuhwang_L_14-17_2FR45.png,pear_chuhwang
배,추황,특,10.3,520,9,pear_chuhwang_L_12-39_4DI45.png,pear_chuhwang
배,추황,특,10.8,525,9,pear_chuhwang_L_31-40_5DI90.png,pear_chuhwang
배,추황,특,10,510,9,pear_chuhwang_L_25-17_2FR45.png,pear_chuhwang
배,추황,특,9.6,455,8.7,pear_chuhwang_L_13-17_2FR45.png,pear_chuhwang
배,추황,특,10.3,540,9.3,pear_chuhwang_L_21-5_5DI90.png,pear_chuhwang
배,추황,특,10,445,8.3,pear_chuhwang_L_17-31_1TOP.png,pear_chuhwang
배,추황,특,10.5,515,8.9,pear_chuhwang_L_10-17_2FR45.png,pear_chuhwang
배,추황,특,10.2,475,8.8,pear_chuhwang_L_20-29_4DI45.png,pear_chuhwang
배,추황,특,9.8,505,8.7,pear_chuhwang_L_23-27_2FR45.png,pear_chuhwang
배,추황,특,10,445,8.3,pear_chuhwang_L_17-3_3FR90.png,pear_chuhwang
배,추황,특,9.7,450,8.5,pear_chuhwang_L_19-20_5DI90.png,pear_chuhwang
배,추황,특,10.3,470,9,pear_chuhwang_L_11-32_2FR45.png,pear_chuhwang
배,추황,특,10.1,515,9.2,pear_chuhwang_L_30-15_5DI90.png,pear_chuhwang
배,추황,특,10.1,470,8.5,pear_chuhwang_L_29-36_1TOP.png,pear_chuhwang
배,추황,특,9.8,505,8.7,pear_chuhwang_L_23-22_2FR45.png,pear_chuhwang
배,추황,특,9.9,440,8.1,pear_chuhwang_L_14-27_2FR45.png,pear_chuhwang
배,추황,특,9.6,465,8.7,pear_chuhwang_L_1-4_4DI45.png,pear_chuhwang
배,추황,특,9.7,450,8.5,pear_chuhwang_L_19-33_3FR90.png,pear_chuhwang
배,추황,특,10,460,8.9,pear_chuhwang_L_2-8_3FR90.png,pear_chuhwang
배,추황,특,9.6,455,8.7,pear_chuhwang_L_13-38_3FR90.png,pear_chuhwang
배,추황,특,10.5,515,8.9,pear_chuhwang_L_10-16_1TOP.png,pear_chuhwang
배,추황,특,9.7,450,8.5,pear_chuhwang_L_19-14_4DI45.png,pear_chuhwang
배,추황,특,10.2,480,8.6,pear_chuhwang_L_24-7_2FR45.png,pear_chuhwang
배,추황,특,9.6,455,8.7,pear_chuhwang_L_13-8_3FR90.png,pear_chuhwang
배,추황,특,10,495,9,pear_chuhwang_L_27-20_5DI90.png,pear_chuhwang
배,추황,특,10,445,8.3,pear_chuhwang_L_17-6_1TOP.png,pear_chuhwang
배,추황,특,10.1,470,8.5,pear_chuhwang_L_29-4_4DI45.png,pear_chuhwang
배,추황,특,10.4,455,8.7,pear_chuhwang_L_26-11_1TOP.png,pear_chuhwang
배,추황,특,10.1,470,8.5,pear_chuhwang_L_29-32_2FR45.png,pear_chuhwang
배,추황,특,10.5,475,8.1,pear_chuhwang_L_3-18_3FR90.png,pear_chuhwang
배,추황,특,9.9,440,8.1,pear_chuhwang_L_14-34_4DI45.png,pear_chuhwang
배,추황,특,10.1,515,9.2,pear_chuhwang_L_30-5_5DI90.png,pear_chuhwang
배,추황,특,10.2,480,8.6,pear_chuhwang_L_24-37_2FR45.png,pear_chuhwang
배,추황,특,10,460,8.9,pear_chuhwang_L_2-22_2FR45.png,pear_chuhwang
배,추황,특,9.6,455,8.7,pear_chuhwang_L_13-33_3FR90.png,pear_chuhwang
배,추황,특,10,495,9,pear_chuhwang_L_27-29_4DI45.png,pear_chuhwang
배,추황,특,10.2,475,8.8,pear_chuhwang_L_20-3_3FR90.png,pear_chuhwang
배,추황,특,9.9,440,8.1,pear_chuhwang_L_14-30_5DI90.png,pear_chuhwang
배,추황,특,10.2,475,8.8,pear_chuhwang_L_20-34_4DI45.png,pear_chuhwang
배,추황,특,10.1,470,8.5,pear_chuhwang_L_29-37_2FR45.png,pear_chuhwang
배,추황,특,10.3,540,9.3,pear_chuhwang_L_21-37_2FR45.png,pear_chuhwang
배,추황,특,10.5,475,8.1,pear_chuhwang_L_3-35_5DI90.png,pear_chuhwang
배,추황,특,9.9,440,8.1,pear_chuhwang_L_14-12_2FR45.png,pear_chuhwang
배,추황,특,10,445,8.3,pear_chuhwang_L_17-40_5DI90.png,pear_chuhwang
배,추황,특,10,510,9,pear_chuhwang_L_25-35_5DI90.png,pear_chuhwang
배,추황,특,10.2,475,8.8,pear_chuhwang_L_20-32_2FR45.png,pear_chuhwang
배,추황,특,10.5,515,8.9,pear_chuhwang_L_10-22_2FR45.png,pear_chuhwang
배,추황,특,9.6,465,8.7,pear_chuhwang_L_1-26_1TOP.png,pear_chuhwang
배,추황,특,10,460,8.9,pear_chuhwang_L_2-4_4DI45.png,pear_chuhwang
배,추황,특,9.8,470,10.2,pear_chuhwang_L_28-21_1TOP.png,pear_chuhwang
배,추황,특,10.7,480,8.6,pear_chuhwang_L_15-36_1TOP.png,pear_chuhwang
배,추황,특,9.7,450,8.5,pear_chuhwang_L_19-40_5DI90.png,pear_chuhwang
배,추황,특,10.8,525,9,pear_chuhwang_L_31-7_2FR45.png,pear_chuhwang
배,추황,특,10,445,8.3,pear_chuhwang_L_17-23_3FR90.png,pear_chuhwang
배,추황,특,10,460,8.9,pear_chuhwang_L_2-34_4DI45.png,pear_chuhwang
배,추황,특,10.2,475,8.8,pear_chuhwang_L_20-39_4DI45.png,pear_chuhwang
배,추황,특,10.2,475,8.8,pear_chuhwang_L_20-12_2FR45.png,pear_chuhwang
배,추황,특,9.9,505,9.1,pear_chuhwang_L_22-40_5DI90.png,pear_chuhwang
배,추황,특,10.5,475,8.1,pear_chuhwang_L_3-11_1TOP.png,pear_chuhwang
배,추황,특,9.6,465,8.7,pear_chuhwang_L_1-32_2FR45.png,pear_chuhwang
배,추황,특,9.8,470,10.2,pear_chuhwang_L_28-18_3FR90.png,pear_chuhwang
배,추황,특,10.3,540,9.3,pear_chuhwang_L_21-35_5DI90.png,pear_chuhwang
배,추황,특,10,460,8.9,pear_chuhwang_L_2-7_2FR45.png,pear_chuhwang
배,추황,특,10.2,480,8.6,pear_chuhwang_L_24-4_4DI45.png,pear_chuhwang
배,추황,특,10.3,470,9,pear_chuhwang_L_11-37_2FR45.png,pear_chuhwang
배,추황,특,9.8,470,10.2,pear_chuhwang_L_28-31_1TOP.png,pear_chuhwang
배,추황,특,10.1,470,8.5,pear_chuhwang_L_29-12_2FR45.png,pear_chuhwang
배,추황,특,9.9,440,8.1,pear_chuhwang_L_14-23_3FR90.png,pear_chuhwang
배,추황,특,10.5,515,8.9,pear_chuhwang_L_10-23_3FR90.png,pear_chuhwang
배,추황,특,10,495,9,pear_chuhwang_L_27-4_4DI45.png,pear_chuhwang
배,추황,특,10,460,8.9,pear_chuhwang_L_2-15_5DI90.png,pear_chuhwang
배,추황,특,10.1,515,9.2,pear_chuhwang_L_30-30_5DI90.png,pear_chuhwang
배,추황,특,10,445,8.3,pear_chuhwang_L_17-34_4DI45.png,pear_chuhwang
배,추황,특,10.2,480,8.6,pear_chuhwang_L_24-33_3FR90.png,pear_chuhwang
배,추황,특,10.3,540,9.3,pear_chuhwang_L_21-17_2FR45.png,pear_chuhwang
배,추황,특,9.8,470,10.2,pear_chuhwang_L_28-15_5DI90.png,pear_chuhwang
배,추황,특,10,445,8.3,pear_chuhwang_L_17-29_4DI45.png,pear_chuhwang
배,추황,특,10.8,525,9,pear_chuhwang_L_31-20_5DI90.png,pear_chuhwang
배,추황,특,10.3,520,9,pear_chuhwang_L_12-13_3FR90.png,pear_chuhwang
배,추황,특,10.3,520,9,pear_chuhwang_L_12-14_4DI45.png,pear_chuhwang
배,추황,특,9.6,465,8.7,pear_chuhwang_L_1-8_3FR90.png,pear_chuhwang
배,추황,특,10.2,480,8.6,pear_chuhwang_L_24-40_5DI90.png,pear_chuhwang
배,추황,특,9.8,505,8.7,pear_chuhwang_L_23-32_2FR45.png,pear_chuhwang
배,추황,특,9.6,455,8.7,pear_chuhwang_L_13-29_4DI45.png,pear_chuhwang
배,추황,특,10.5,515,8.9,pear_chuhwang_L_10-11_1TOP.png,pear_chuhwang
배,추황,특,10.3,520,9,pear_chuhwang_L_12-18_3FR90.png,pear_chuhwang
배,추황,특,10.2,480,8.6,pear_chuhwang_L_24-2_2FR45.png,pear_chuhwang
배,추황,특,9.8,470,10.2,pear_chuhwang_L_28-32_2FR45.png,pear_chuhwang
배,추황,특,9.9,440,8.1,pear_chuhwang_L_14-20_5DI90.png,pear_chuhwang
배,추황,특,10,510,9,pear_chuhwang_L_25-26_1TOP.png,pear_chuhwang
배,추황,특,9.8,470,10.2,pear_chuhwang_L_28-25_5DI90.png,pear_chuhwang
배,추황,특,10.8,525,9,pear_chuhwang_L_31-25_5DI90.png,pear_chuhwang
배,추황,특,9.7,450,8.5,pear_chuhwang_L_19-9_4DI45.png,pear_chuhwang
배,추황,특,9.9,440,8.1,pear_chuhwang_L_14-36_1TOP.png,pear_chuhwang
배,추황,특,10,510,9,pear_chuhwang_L_25-30_5DI90.png,pear_chuhwang
배,추황,특,10.1,470,8.5,pear_chuhwang_L_29-13_3FR90.png,pear_chuhwang
배,추황,특,10.5,515,8.9,pear_chuhwang_L_10-14_4DI45.png,pear_chuhwang
배,추황,특,10.5,475,8.1,pear_chuhwang_L_3-31_1TOP.png,pear_chuhwang
배,추황,특,9.7,450,8.5,pear_chuhwang_L_19-21_1TOP.png,pear_chuhwang
배,추황,특,10,445,8.3,pear_chuhwang_L_17-24_4DI45.png,pear_chuhwang
배,추황,특,10.2,480,8.6,pear_chuhwang_L_24-6_1TOP.png,pear_chuhwang
배,추황,특,10.2,475,8.8,pear_chuhwang_L_20-8_3FR90.png,pear_chuhwang
배,추황,특,10.5,475,8.1,pear_chuhwang_L_3-15_5DI90.png,pear_chuhwang
배,추황,특,9.6,455,8.7,pear_chuhwang_L_13-16_1TOP.png,pear_chuhwang
배,추황,특,10.3,520,9,pear_chuhwang_L_12-27_2FR45.png,pear_chuhwang
배,추황,특,10,460,8.9,pear_chuhwang_L_2-40_5DI90.png,pear_chuhwang
배,추황,특,10.3,520,9,pear_chuhwang_L_12-25_5DI90.png,pear_chuhwang
배,추황,특,10,510,9,pear_chuhwang_L_25-13_3FR90.png,pear_chuhwang
배,추황,특,10.5,515,8.9,pear_chuhwang_L_10-5_5DI90.png,pear_chuhwang
배,추황,특,9.9,505,9.1,pear_chuhwang_L_22-18_3FR90.png,pear_chuhwang
배,추황,특,9.8,505,8.7,pear_chuhwang_L_23-18_3FR90.png,pear_chuhwang
배,추황,특,9.8,470,10.2,pear_chuhwang_L_28-6_1TOP.png,pear_chuhwang
